Article Title,,
Randenigala Distilleries directors ordered to appear in Court over Rs. 1.35 b tax evasion case,,
Lankan start-ups ace SolarX Startup Challenge of Invest India and International Solar Alliance,,
Sri Lanka’s first 7-star luxury hotel Aviyana with Rs. 10 b investment set to open in March,,
The Kingsbury Colombo unveils wonder of Christmas with dazzling festive decor,,
Hayleys Fentons partners StarCharge for Sri Lanka’s  first nationwide electric vehicle charging network,,
First Capital crowns excellence with ‘Brand of the Year’ accolade,,
HNB triumphs at SLIM Brand Excellence Awards,,
"Ceylon Federation of MSMEs, National Trade Protection Council hails freeze  on Parate, suggest new measures",,
MSME Chamber hails President  for extending freeze of Parate executions,,
Book industry renews clarion call for VAT exemption,,
Speaker’s academic credentials under fire – calls for resignation amidst controversy,,
Speaker to address controversy over doctorate credentials soon: Cabinet Spokesman,,
Haycarb to set up activated carbon plant in Philippines with $ 8 m initial investment,,
Cabinet nod to ink agreement with OPEC Fund to secure $ 50 m loan,,
SLINTEC commercialises record 8 patents and innovations within 12 months,,
Govt. to optimise underutilised State-owned bungalows and residencies,,
President to make first overseas visit  to India on Sunday,,
Sri Lanka and India to amend double taxation agreement,,
Creative Software celebrates 25 years  of excellence,,
ITC Ratnadipa unveils first Christmas in city of Colombo,,
CSSL names PLC’s Prabath Gunasena CIO of the Year,,
"Muthoot Finance, Asia Asset Finance mark decade of fulfilling partnership",,
BFSI leaders discuss “Resilience in the Age of Digital Innovations”,,
‘AKD Govt. continues IMF agreement ignoring people’s mandate’,,
President calls for accountability on International Anti-Corruption Day,,
CSE sustains upward momentum to 10th day,,
Finco buys 10% stake in Asia Asset Finance from  Dr. Senthilverl for Rs. 223 m,,
Reyaz Mihular joins Aitken Spence Board,,
Karu calls on President to reinstate oversight committees and strengthen democracy,,
Cinnamon Colombo Hotels light up Colombo with festive elegance,,
Dutch Hospital Shopping Precinct lights up for festive season with Mastercard,,
"Data, AI, and Sri Lanka’s future: What challenges must be  overcome for smarter tomorrow?",,
Sri Lankan students shine at Asia Pacific ICT Alliance 2024 in Brunei,,
Top banker Dr. Illesinghe appointed to BOC Board,,
NDB Investment Bank wins Euromoney Award for 13th consecutive year,,
Russia boosts early  December tourist surge,,
President directs new price limits for rice,,
Epic Lanka wins APICTA Gold award in Brunei,,
"Dr. Senthilverl ups stake in Agarapatana to 10%, Kotagala to 5%",,
US pledges unwavering support for Govt.’s anti-corruption drive,,
"Syrian President overthrown, flees to Russia",,
CILT looks to transform face of global logistics,,
Transformative journey at inaugural YoungShip Global Leadership Summit,,
Michelin to focus activities for construction application on most value accretive offers,,
President pushes for renewable energy expansion,,
Resolution on Vote on Account for first four month passed without vote,,
Opposition leader tells Govt. not to turn back on people’s mandate,,
CSE ends week on the up,,
Indonesia’s Ambassador highlights palm oil’s economic impact on developing nations,,
National tea sales average up YoY but dips MoM,,
Biz confidence near five-year high,,
"President assures political stability, autonomy for BOI to woo investments",,
Govt. proposes Rs. 1.4 t spend in Vote on Account for 2025,,
World Bank pledges support for “Clean Sri Lanka” program,,
President calls for unified effort to drive digital transformation,,
BOC’s FCY ratings upgraded to “CCC-” by Fitch,,
CSE closes on the up,,
"President directs Excise Dept. to streamline licencing, tax collection",,
Colombo stock market reaches all-time high,,
"Dr. Senthilverl buys  Agarapatana, sells Alumex",,
CG Corp Global MD Chaudhary calls on President,,
CEB Chairman rules out further electricity subsidies for low-income users,,
Visa supports 10th Annual Daily FT-CICRA Cyber Security Summit as Strategic Partner,,
Justice Minister announces landmark Bills to combat financial crimes,,
Govt. Policy Statement passed in Parliament without vote,,
US Court sets deadlines for Hamilton Reserve Bank vs SL Govt. case,,
Resource Connect Services makes SL proud at ’Future Forward 2024’,,
Huawei South Asia Supplier Convention highlights collaboration and future growth opportunities,,
Bank of Ceylon and  Sri Lanka Post unite to revolutionise banking access,,
New Chairman appointed to SMIB,,
Cabinet nod to lift rice import restrictions temporarily to address shortages,,
Aitken Spence wins coveted grand slam award at Best Corporate Citizen Sustainability Awards 2024,,
Govt. to dispose fuel-intensive luxury vehicles,,
Cabinet approves ‘Clean Sri Lanka’ fund with task force to drive initiative,,
Sajith Premadasa urges further support for SMEs,,
"Rs. 6,000 stationery allowance for school children",,
Hambantota Port rejuvenates container operations with $ 41 m crane upgrade,,
Indian investors eye Sri Lanka’s economic resurgence for greater cross border synergy,,
UK’s Flash Pack ranks Sri Lanka  as top destination for solo travellers in 2025,,
Billion-dollar CG Corp Global renews commitment to SL,,
National Savings Bank records Rs. 25.5 b PBT for 3Q in 2024,,
Govt. to conduct audits of all State institutions amid corruption allegations,,
President discusses rice supply solutions with small and medium-scale mill owners,,
SLCERT warns of rising WhatsApp account hackings,,
ONYX Hospitality Group celebrates grand opening of Amari Colombo,,
Key political leaders highlight tourism’s role in economic recovery at Amari Hotel launch,,
Tourism industry must build resilience against future shocks: CBSL Chief,,
Govt. slashes levy on imported onions to tackle price surge,,
Corporates empower university students with exposure to cyber security,,
Union Bank CEO denies online media reports,,
Abu Dhabi fund backs Adani investments; Lanka and Tanzania port contracts,,
US Ambassador Julie Chung visits Bank of Ceylon,,
"All Island Dairy Association pledges to support new Govt., welcomes new Minister",,
Towards a global maritime hub: Insights from CIMC 2024,,
TWC facilitates innovative climate adaptation initiatives for Maldives’ tourism,,
Rise of floating voters: key to political renewal of Sri Lanka,,
CSE ends week on mixed note,,
Construction sector sees rebound in Oct.,,
IMF confirms no changes to Wickremesinghe-era agreement: Marikkar,,
CCPI-based headline inflation remains negative in Nov.,,
THASL Chief calls for policy  reforms amid mounting challenges,,
Colombo West International Terminal to receive major equipment boost with arrival of new cranes,,
Bogollagama woos Marks & Spencer-UK to expand supply chain from Sri Lanka,,
Moody’s Ratings places Sri Lanka on review for upgrade,,
People’s Bank achieves Rs. 272.2 b consolidated gross income in 9 months,,
"Tourist arrivals top 156,000 in first 26 days of November",,
President and World Bank Chief chart development path via virtual meeting,,
Ambeon Capital brings down nearly 30 fund managers from Germany,,
SLPA takes measured approach towards Adani’s Colombo port deal,,
RTI Commission delivers landmark judgement on BOC,,
Digital Marketing Association announces new leadership and strategic roadmap for 2025,,
Rise of digital campaigning: How social platforms shaped Sri Lanka’s elections,,
Admiral Chawla highlights strategies for thriving blue economy,,
ADB backs Sri Lanka’s growing investment potential in key sectors,,
ComBank ranked Strongest Bank in Sri Lanka in TAB Global 1000 strength index 2024,,
Race the Pearl: Ultimate test of endurance on 7 December,,
"Port City Colombo woos public with variety of lifestyle, leisure, entertainment experiences",,
IMF MD says SL achieves significant step forward in EDR,,
Ambeon Holdings steps up strategic investments in banks; buys 9% of Seylan for Rs. 1.4 b,,
SC dismisses fundamental rights applications filed against LTL Holdings IPO,,
Court orders first imprisonment under OSA,,
Global giant Moving Walls partners Richardson Outdoor,,
"SLASSCOM welcomes NPP, key new Ministers and officials appointments driving digital transformation",,
Local Consortium of SL  commits to supporting Govt.’s ISB restructuring,,
Govt. to present 2025 Appropriation Bill on 9 January,,
Arjuna Mahendran summoned over 2015 bond scam,,
CBSL goes for single policy interest rate mechanism,,
Public Security Ministry Secy. calls  for robust measures to fight cybercrimes,,
Govt. seeks reports on Adani projects amid US bribery allegations,,
"Vegan love cake, kids’ games, Xmas décor, gorgeous clothes, and more at Santapaws Xmas bazaar",,
Alliance Finance plans Rs. 1 b green bond issue,,
Abans to raise Rs. 2 b via listed debenture issue,,
Fresh accolade for AIA Sri Lanka CEO Chathuri Munaweera,,
Sri Lanka Institute of Directors’ International Director Conference 2024: Call for bold leadership,,
China reiterates support to Sri Lanka,,
PUCSL grants two-week extension to CEB for tariff proposal submission,,
Access Engineering diversifies into renewable energy; radiopharmaceutical,,
Indian Railways to launch first hydrogen train trials in December,,
FITIS welcomes creation of dedicated Digital Economy Ministry,,
Vallibel Finance successfully raises Rs. 3 b via first debenture issue,,
LankaPay bags Best Public-Private Partnership Award at ASOCIO 2024 Awards in Japan,,
Robust cybersecurity architecture: Strategic imperative,,
Dipped Products buys Thai glove firm for $ 11 m,,
HNB appoints Damith Pallewatte as Managing Director/CEO,,
CEO Forum of Daily FT-CICRA 10th Annual  Cyber Security Summit today at Cinnamon Grand,,
Sysco LABS backs 10th Annual Cyber Security Summit 2024 as Gold Partner,,
NTB introduces Sri Lanka’s first debit card with innovative notch design for visually impaired,,
Ninth Islamic Finance Forum of South Asia kicks off in Colombo today,,
Two fireside chats to ignite Colombo International Maritime and Logistics Conference 2024,,
Enfection’s AI playbook for future of marketing,,
MullenLowe Group Sri Lanka to conduct Next-Gen Digital Boot Camp,,
Govt. says discussion on third review with IMF concludes successfully,,
Shared responsibility of  creating better country,,
Kenya’s President cancels major deals with Adani Group,,
Sri Lanka signs $ 75 m China-funded housing deal for low-income families and artists,,
Adani Group says US allegations baseless,,
Sri Lanka elected to UN Commission on International Trade Law,,
CSE closes post-election week with losses,,
New body to oversee policy implementation by ministries,,
First lady officer from Tri Forces graduates from National Defence College,,
Consumer confidence rises to highest level in October since 2022,,
Voices for Peace IV  on 9 December at Lionel Wendt,,
"Of mountains, waterfalls and garbage wars",,
George Keyt Foundation partners Sotheby’s to showcase Sri Lankan artists in landmark charity auction,,
Billionaire Gautam Adani indicted in New York on bribery charges,,
"Rayynor gets bullish on banking, buys 9.75% of DFCC for Rs. 3.6 b",,
Colombo apartment market sees robust growth: RIUNIT,,
29 Deputy Ministers sworn in,,
Jetstar Asia eyes Colombo as key market for regional growth and tourism,,
Fitch says reducing sovereign stresses will support Sri Lankan banks’ credit profiles,,
People’s Bank achieves multiple feats in digital marketing sphere,,
Trade Union action demanding resignation and inquiries against Ruhuna University VC,,
First AI-enabled ‘Annual Report Analyzer’ by Softlogic Life with bold tech features,,
PMI signals growth in manufacturing and services in October,,
Ambeon Capital buys 9% DFCC stake for Rs. 3.3 b; says move is strategic,,
CSE posts modest recovery,,
Tea exports volume up 14% in Oct.,,
Galadari signs restaurant deal with UAE’s Soho Hospitality,,
"Cabinet nod to import 70,000 tons of rice to address artificial shortage",,
SL’s Tenth Parliament opens today sans pomp and pageantry,,
US Court extends stay for third time on litigation over SL ISBs by Hamilton Reserve Bank,,
Teejay to set up manufacturing operations in Egypt,,
Aruni replaces namesake as new Foreign Secretary,,
Several new Cabinet Ministers assume office with pledges of reform and progress,,
"Bimal Leader of House, Dr. Nalinda Chief Government Whip",,
Singer Finance to raise Rs. 1 b via high yield listed Bonds,,
Sri Lanka kicks off Global Entrepreneurship Week 2024,,
Asia Tea Alliance unites for sustainable tea future at 2024 Summit,,
Corporates urged to pursue decarbonisation efforts with Science Based Targets initiative,,
Sri Lankan students in US increase by 10%,,
Sri Lanka Tourism to launch unified national brand from January,,
CSE fails to cheer historic landslide NPP victory,,
Tourist arrivals surpass  1.7 m milestone,,
President urges IMF to adopt balanced approach in economy recovery program,,
"Tea crop falls in October, marginal growth for first 10 months of 2024",,
Prof. P.N.D. Fernando assumes duties as People’s Bank new Chairman,,
NCINGA joins 10th Annual Cyber Security Summit as Silver Partner,,
Sustainability Awards 2024 honours eco-friendly tourism practices,,
Virtusa’s executive leadership team visits Sri Lanka,,
Aitken Spence reports robust performance; EBITDA up 10.4% to Rs. 8.9 b in 1H,,
HNB records Group PBT of  Rs. 38.7 b for nine months of FY24,,
NPP’s strong mandate is SL positive: SCB,,
Sugath Wasantha de Silva makes history as SL’s first visually impaired MP,,
IMF team in town for third review of EFF,,
MillenniumIT ESP joins 10th Annual Cyber Security Summit 2024 as Silver Sponsor,,
Lankem Developments to raise Rs. 600 m via Rights,,
New SEC Chief to balance market development with strong regulatory oversight,,
Amari Colombo welcomes Michelin-starred Chef Boy to elevate culinary excellence,,
First STS operation for liquid cargo at Hambantota International Port,,
MTI Consulting recommends Cabinet  restructuring with a ‘start-up’ mindset,,
